{
  "kind": "collectionType",
  "collectionName": "services",
  "info": {
    "name": "Service",
    "description": "Services offered by the company"
  },
  "options": {
    "increments": true,
    "timestamps": true,
    "draftAndPublish": true
  },
  "pluginOptions": {},
  "attributes": {
    "serviceName": {
      "type": "string",
      "required": true,
      "unique": true
    },
    "serviceDescription": {
      "type": "text"
    },
    "serviceImage": {
      "type": "media",
      "multiple": false,
      "required": false,
      "allowedTypes": [
        "images"
      ]
    },
    "serviceKeywords": {
      "type": "json"
    },
    "project": {
      "type": "relation",
      "relation": "manyToOne",
      "target": "api::project.project",
      "inversedBy": "services"
    }
  }
}